tag,name,excerpt
ahk,AutoHotkey,
android,Android,
api,API,
book,書籍,
comic,コミック,
css,CSS,
excel,Excel,
gae,Google App Engine,
gas,Google Apps Script,
hta,HTA,
ios,iOS,
item,モノ,
java,Java,
jekyll,Jekyll,
jquery,jQuery,
js,JavaScript,
life,生活,
skincare,スキンケア,
mac,Mac,
md,Markdown,
sa,システムアーキテクト,
server,サーバ,
sql,SQL,
vba,VBA,
vbs,VBS,
csharp,C# ,
php,PHP,
web,WEB,
windows,Windows,
kindle,Kindle,Kindleのセールや最新情報を紹介しています
service,サービス,
_snippet,コード見本,
_knowledge,知識,
_tutorial,手順,
_impression,感想,
_info,情報,
